{"cameraMode":{"drawMode":0,"name":"Shaded","section":"Shading Mode"},"sceneLighting":false,"audioPlay":false,"sceneViewState":{"showFog":true,"showMaterialUpdate":false,"showSkybox":false,"showFlares":true,"showImageEffects":true,"showParticleSystems":true},"in2DMode":false,"pivot":{"x":2.394709825515747,"y":1.9348441362380982,"z":-0.029798030853271486},"rotation":{"x":-0.0199530478566885,"y":-0.47647547721862795,"z":0.011053255759179592,"w":-0.8789603114128113},"size":1.2470765113830567,"orthographic":false}