{"cameraMode":{"drawMode":0,"name":"Shaded","section":"Shading Mode"},"sceneLighting":true,"audioPlay":false,"sceneViewState":{"showFog":true,"showMaterialUpdate":false,"showSkybox":true,"showFlares":true,"showImageEffects":true,"showParticleSystems":true},"in2DMode":false,"pivot":{"x":9.848154067993164,"y":8.115396499633789,"z":16.277446746826173},"rotation":{"x":-0.38438937067985537,"y":0.4269964098930359,"z":-0.2070763111114502,"w":-0.7919294834136963},"size":17.29880142211914,"orthographic":false}