{"cameraMode":{"drawMode":0,"name":"Shaded","section":"Shading Mode"},"sceneLighting":true,"audioPlay":false,"sceneViewState":{"showFog":true,"showMaterialUpdate":false,"showSkybox":true,"showFlares":true,"showImageEffects":true,"showParticleSystems":true},"in2DMode":false,"pivot":{"x":0.8339540958404541,"y":1.2308263778686524,"z":-0.5252494812011719},"rotation":{"x":-0.07239959388971329,"y":0.9238766431808472,"z":-0.21905918419361115,"w":-0.3053414523601532},"size":3.007394790649414,"orthographic":false}